<annotation>
	<folder>JPEGImages</folder>
	<filename>000017.jpg</filename>
	<path>C:\Users\ThuPH5\Downloads\tensorflow-yolov4-tflite\VOCdevkit\VOC2007\JPEGImages\000017.jpg</path>
	<source>
		<database>Unknown</database>
	</source>
	<size>
		<width>334</width>
		<height>334</height>
		<depth>3</depth>
	</size>
	<segmented>0</segmented>
	<object>
		<name>helmet</name>
		<pose>Unspecified</pose>
		<truncated>0</truncated>
		<difficult>0</difficult>
		<bndbox>
			<xmin>240</xmin>
			<ymin>82</ymin>
			<xmax>269</xmax>
			<ymax>106</ymax>
		</bndbox>
	</object>
</annotation>
