<annotation>
	<folder>JPEGImages</folder>
	<filename>000005.jpg</filename>
	<path>C:\Users\ThuPH5\Downloads\keras-yolo3-master\VOC2007\JPEGImages\000005.jpg</path>
	<source>
		<database>Unknown</database>
	</source>
	<size>
		<width>344</width>
		<height>344</height>
		<depth>3</depth>
	</size>
	<segmented>0</segmented>
	<object>
		<name>helmet</name>
		<pose>Unspecified</pose>
		<truncated>0</truncated>
		<difficult>0</difficult>
		<bndbox>
			<xmin>242</xmin>
			<ymin>14</ymin>
			<xmax>326</xmax>
			<ymax>96</ymax>
		</bndbox>
	</object>
	<object>
		<name>helmet</name>
		<pose>Unspecified</pose>
		<truncated>0</truncated>
		<difficult>0</difficult>
		<bndbox>
			<xmin>119</xmin>
			<ymin>119</ymin>
			<xmax>137</xmax>
			<ymax>135</ymax>
		</bndbox>
	</object>
	<object>
		<name>helmet</name>
		<pose>Unspecified</pose>
		<truncated>0</truncated>
		<difficult>0</difficult>
		<bndbox>
			<xmin>22</xmin>
			<ymin>170</ymin>
			<xmax>44</xmax>
			<ymax>194</ymax>
		</bndbox>
	</object>
</annotation>
