<annotation>
	<folder>JPEGImages</folder>
	<filename>000009.jpg</filename>
	<path>C:\Users\ThuPH5\Downloads\keras-yolo3-master\VOC2007\JPEGImages\000009.jpg</path>
	<source>
		<database>Unknown</database>
	</source>
	<size>
		<width>334</width>
		<height>334</height>
		<depth>3</depth>
	</size>
	<segmented>0</segmented>
	<object>
		<name>helmet</name>
		<pose>Unspecified</pose>
		<truncated>1</truncated>
		<difficult>0</difficult>
		<bndbox>
			<xmin>1</xmin>
			<ymin>104</ymin>
			<xmax>87</xmax>
			<ymax>213</ymax>
		</bndbox>
	</object>
</annotation>
