<annotation>
	<folder>JPEGImages</folder>
	<filename>000025.jpg</filename>
	<path>C:\Users\ThuPH5\Downloads\tensorflow-yolov4-tflite\VOCdevkit\VOC2007\JPEGImages\000025.jpg</path>
	<source>
		<database>Unknown</database>
	</source>
	<size>
		<width>392</width>
		<height>392</height>
		<depth>3</depth>
	</size>
	<segmented>0</segmented>
	<object>
		<name>helmet</name>
		<pose>Unspecified</pose>
		<truncated>0</truncated>
		<difficult>0</difficult>
		<bndbox>
			<xmin>265</xmin>
			<ymin>84</ymin>
			<xmax>307</xmax>
			<ymax>122</ymax>
		</bndbox>
	</object>
	<object>
		<name>helmet</name>
		<pose>Unspecified</pose>
		<truncated>0</truncated>
		<difficult>0</difficult>
		<bndbox>
			<xmin>183</xmin>
			<ymin>178</ymin>
			<xmax>206</xmax>
			<ymax>208</ymax>
		</bndbox>
	</object>
</annotation>
