<annotation>
	<folder>JPEGImages</folder>
	<filename>000011.jpg</filename>
	<path>C:\Users\ThuPH5\Downloads\keras-yolo3-master\VOC2007\JPEGImages\000011.jpg</path>
	<source>
		<database>Unknown</database>
	</source>
	<size>
		<width>352</width>
		<height>352</height>
		<depth>3</depth>
	</size>
	<segmented>0</segmented>
	<object>
		<name>helmet</name>
		<pose>Unspecified</pose>
		<truncated>0</truncated>
		<difficult>0</difficult>
		<bndbox>
			<xmin>21</xmin>
			<ymin>35</ymin>
			<xmax>62</xmax>
			<ymax>70</ymax>
		</bndbox>
	</object>
	<object>
		<name>helmet</name>
		<pose>Unspecified</pose>
		<truncated>0</truncated>
		<difficult>0</difficult>
		<bndbox>
			<xmin>106</xmin>
			<ymin>58</ymin>
			<xmax>149</xmax>
			<ymax>95</ymax>
		</bndbox>
	</object>
	<object>
		<name>helmet</name>
		<pose>Unspecified</pose>
		<truncated>0</truncated>
		<difficult>0</difficult>
		<bndbox>
			<xmin>160</xmin>
			<ymin>116</ymin>
			<xmax>223</xmax>
			<ymax>162</ymax>
		</bndbox>
	</object>
</annotation>
