<annotation>
	<folder>JPEGImages</folder>
	<filename>000003.jpg</filename>
	<path>C:\Users\ThuPH5\Downloads\keras-yolo3-master\VOC2007\JPEGImages\000003.jpg</path>
	<source>
		<database>Unknown</database>
	</source>
	<size>
		<width>344</width>
		<height>344</height>
		<depth>3</depth>
	</size>
	<segmented>0</segmented>
	<object>
		<name>helmet</name>
		<pose>Unspecified</pose>
		<truncated>0</truncated>
		<difficult>0</difficult>
		<bndbox>
			<xmin>73</xmin>
			<ymin>90</ymin>
			<xmax>115</xmax>
			<ymax>126</ymax>
		</bndbox>
	</object>
	<object>
		<name>helmet</name>
		<pose>Unspecified</pose>
		<truncated>0</truncated>
		<difficult>0</difficult>
		<bndbox>
			<xmin>22</xmin>
			<ymin>163</ymin>
			<xmax>40</xmax>
			<ymax>184</ymax>
		</bndbox>
	</object>
</annotation>
