<annotation>
	<folder>JPEGImages</folder>
	<filename>000028.jpg</filename>
	<path>C:\Users\ThuPH5\Downloads\tensorflow-yolov4-tflite\VOCdevkit\VOC2007\JPEGImages\000028.jpg</path>
	<source>
		<database>Unknown</database>
	</source>
	<size>
		<width>360</width>
		<height>360</height>
		<depth>3</depth>
	</size>
	<segmented>0</segmented>
	<object>
		<name>helmet</name>
		<pose>Unspecified</pose>
		<truncated>0</truncated>
		<difficult>0</difficult>
		<bndbox>
			<xmin>67</xmin>
			<ymin>70</ymin>
			<xmax>126</xmax>
			<ymax>148</ymax>
		</bndbox>
	</object>
</annotation>
