<annotation>
	<folder>JPEGImages</folder>
	<filename>000006.jpg</filename>
	<path>C:\Users\ThuPH5\Downloads\keras-yolo3-master\VOC2007\JPEGImages\000006.jpg</path>
	<source>
		<database>Unknown</database>
	</source>
	<size>
		<width>374</width>
		<height>374</height>
		<depth>3</depth>
	</size>
	<segmented>0</segmented>
	<object>
		<name>helmet</name>
		<pose>Unspecified</pose>
		<truncated>0</truncated>
		<difficult>0</difficult>
		<bndbox>
			<xmin>47</xmin>
			<ymin>4</ymin>
			<xmax>129</xmax>
			<ymax>96</ymax>
		</bndbox>
	</object>
	<object>
		<name>helmet</name>
		<pose>Unspecified</pose>
		<truncated>0</truncated>
		<difficult>0</difficult>
		<bndbox>
			<xmin>229</xmin>
			<ymin>127</ymin>
			<xmax>246</xmax>
			<ymax>146</ymax>
		</bndbox>
	</object>
	<object>
		<name>helmet</name>
		<pose>Unspecified</pose>
		<truncated>0</truncated>
		<difficult>0</difficult>
		<bndbox>
			<xmin>315</xmin>
			<ymin>189</ymin>
			<xmax>336</xmax>
			<ymax>211</ymax>
		</bndbox>
	</object>
</annotation>
