<annotation>
	<folder>JPEGImages</folder>
	<filename>000023.jpg</filename>
	<path>C:\Users\ThuPH5\Downloads\tensorflow-yolov4-tflite\VOCdevkit\VOC2007\JPEGImages\000023.jpg</path>
	<source>
		<database>Unknown</database>
	</source>
	<size>
		<width>412</width>
		<height>412</height>
		<depth>3</depth>
	</size>
	<segmented>0</segmented>
	<object>
		<name>helmet</name>
		<pose>Unspecified</pose>
		<truncated>0</truncated>
		<difficult>0</difficult>
		<bndbox>
			<xmin>259</xmin>
			<ymin>75</ymin>
			<xmax>298</xmax>
			<ymax>110</ymax>
		</bndbox>
	</object>
	<object>
		<name>helmet</name>
		<pose>Unspecified</pose>
		<truncated>0</truncated>
		<difficult>0</difficult>
		<bndbox>
			<xmin>182</xmin>
			<ymin>178</ymin>
			<xmax>207</xmax>
			<ymax>206</ymax>
		</bndbox>
	</object>
</annotation>
