<annotation>
	<folder>JPEGImages</folder>
	<filename>000016.jpg</filename>
	<path>C:\Users\ThuPH5\Downloads\tensorflow-yolov4-tflite\VOCdevkit\VOC2007\JPEGImages\000016.jpg</path>
	<source>
		<database>Unknown</database>
	</source>
	<size>
		<width>372</width>
		<height>372</height>
		<depth>3</depth>
	</size>
	<segmented>0</segmented>
	<object>
		<name>helmet</name>
		<pose>Unspecified</pose>
		<truncated>0</truncated>
		<difficult>0</difficult>
		<bndbox>
			<xmin>110</xmin>
			<ymin>127</ymin>
			<xmax>138</xmax>
			<ymax>151</ymax>
		</bndbox>
	</object>
</annotation>
